{"cameraMode":{"drawMode":0,"name":"Shaded","section":"Shading Mode"},"sceneLighting":true,"audioPlay":false,"sceneViewState":{"m_AlwaysRefresh":false,"showFog":true,"showSkybox":true,"showFlares":true,"showImageEffects":true,"showParticleSystems":true,"showVisualEffectGraphs":true,"m_FxEnabled":true},"in2DMode":false,"pivot":{"x":1.5342838764190674,"y":13.085149765014649,"z":-0.9631767272949219},"rotation":{"x":-0.06925759464502335,"y":0.0035858964547514917,"z":-0.00023344576766248792,"w":-0.9976257681846619},"size":27.723915100097658,"orthographic":false}