{"cameraMode":{"drawMode":0,"name":"Shaded","section":"Shading Mode"},"sceneLighting":true,"audioPlay":false,"sceneViewState":{"m_AlwaysRefresh":false,"showFog":true,"showSkybox":true,"showFlares":true,"showImageEffects":true,"showParticleSystems":true,"showVisualEffectGraphs":true,"m_FxEnabled":true},"in2DMode":false,"pivot":{"x":0.17231065034866334,"y":6.396520614624023,"z":8.624917984008789},"rotation":{"x":0.15716497600078584,"y":0.009195618331432343,"z":-0.0015072828391566873,"w":0.9876201152801514},"size":24.39497947692871,"orthographic":false}