{"cameraMode":{"drawMode":0,"name":"Shaded","section":"Shading Mode"},"sceneLighting":true,"audioPlay":false,"sceneViewState":{"m_AlwaysRefresh":false,"showFog":true,"showSkybox":true,"showFlares":true,"showImageEffects":true,"showParticleSystems":true,"showVisualEffectGraphs":true,"m_FxEnabled":true},"in2DMode":false,"pivot":{"x":-38.192909240722659,"y":-0.34858572483062746,"z":3.9624152183532717},"rotation":{"x":-0.025797607377171518,"y":-0.030893301591277124,"z":0.0007759079453535378,"w":-0.9992274045944214},"size":7.042355537414551,"orthographic":false}