{"cameraMode":{"drawMode":0,"name":"Shaded","section":"Shading Mode"},"sceneLighting":true,"audioPlay":false,"sceneViewState":{"m_AlwaysRefresh":false,"showFog":true,"showSkybox":true,"showFlares":true,"showImageEffects":true,"showParticleSystems":true,"showVisualEffectGraphs":true,"m_FxEnabled":true},"in2DMode":false,"pivot":{"x":0.30523794889450076,"y":9.5689058303833,"z":-5.010010719299316},"rotation":{"x":-0.1200249195098877,"y":-0.0023881718516349794,"z":0.0002972299116663635,"w":-0.9928019046783447},"size":20.53464698791504,"orthographic":false}