{"cameraMode":{"drawMode":0,"name":"Shaded","section":"Shading Mode"},"sceneLighting":true,"audioPlay":false,"sceneViewState":{"m_AlwaysRefresh":false,"showFog":true,"showSkybox":true,"showFlares":true,"showImageEffects":true,"showParticleSystems":true,"showVisualEffectGraphs":true,"m_FxEnabled":true},"in2DMode":false,"pivot":{"x":5.497076988220215,"y":-14.324085235595704,"z":47.134620666503909},"rotation":{"x":-0.24238042533397675,"y":-0.0037935269065201284,"z":0.0009337513474747539,"w":-0.9702123403549194},"size":70.9493637084961,"orthographic":false}