{"cameraMode":{"drawMode":0,"name":"Shaded","section":"Shading Mode"},"sceneLighting":true,"audioPlay":false,"sceneViewState":{"m_AlwaysRefresh":false,"showFog":true,"showSkybox":true,"showFlares":true,"showImageEffects":true,"showParticleSystems":true,"showVisualEffectGraphs":true,"m_FxEnabled":true},"in2DMode":false,"pivot":{"x":-32.958370208740237,"y":3.107236385345459,"z":1.753197193145752},"rotation":{"x":-0.2058274745941162,"y":0.009383374825119973,"z":-0.0019969104323536159,"w":-0.9785795211791992},"size":10.712206840515137,"orthographic":false}